alamat,blok,nomor,gang,status_rumah,nama_kk,gender,umur,jumlah_anggota,bebas_iuran,catatan_validasi
G10/01,G10,01,1,tetap,Nopyan Ari Wibowo,L,42,4,,
G10/02,G10,02,1,tetap,Ipan Sopwan Aliyudin,L,36,1,koordinator gang 1,
G10/03,G10,03,1,kontrak,Alwis,L,,3,,data kk belum lengkap (gender/umur)
G10/04,G10,04,1,tetap,Edy Siswandi,L,45,2,,
G10/05,G10,05,1,tetap,Suwarno,L,,0,,data kk belum lengkap (gender/umur); jumlah anggota 0: cek
G10/06,G10,06,1,kontrak,Suwito,L,32,2,,
G10/07,G10,07,1,kontrak,Agus Heryanto,L,33,3,,
G10/08,G10,08,1,kontrak,Budi Suryono,L,38,3,,
G10/09,G10,09,1,kontrak,Anto Mardiansyah,L,38,3,,
G10/10,G10,10,1,tetap,Agus Sukarsa,L,44,1,,
G10/11,G10,11,1,tetap,Laura Berton Saragih,L,43,1,,
G10/12,G10,12,1,tetap,Laura Berton Saragih,,,0,rumah kedua (1 rumah dihitung),data kk belum lengkap (gender/umur); jumlah anggota 0: cek; kk sama dengan G10/11 (rumah kedua)
G21/01,G21,01,1,tetap,Suhendro,L,36,2,,
G21/02,G21,02,1,kosong,,,,0,,
G21/03,G21,03,1,tetap,Adimas Demang Hadi Waluyo,L,39,2,,
G21/04,G21,04,1,tetap,Wiyanto,L,45,1,wakil ketua rt,
G21/05,G21,05,1,tetap,Irman Baharsyah,L,38,3,,
G21/06,G21,06,1,kosong,,,24,1,,status kosong tapi ada data penghuni: cek
G21/07,G21,07,1,kosong,,,,0,,
G21/08,G21,08,1,kosong,,,,0,,
G21/09,G21,09,1,tetap,Wahyudin,L,37,3,,
G21/11,G21,11,1,kosong,,,,0,,
G21/12,G21,12,2,kontrak,Bimba,,,0,,data kk belum lengkap (gender/umur); jumlah anggota 0: cek
G10/24,G10,24,2,kontrak,Alfin Andrean Pratama,L,28,1,,
G10/23,G10,23,2,kosong,,,,0,,
G10/22,G10,22,2,tetap,Roni Kurniawan,L,37,3,,
G10/21,G10,21,2,tetap,Aji Purwaji Jumadi,L,48,1,,
G10/20,G10,20,2,tetap,Sudarmanto,L,33,4,,
G10/19,G10,19,2,tetap,Setiyo Barokah,L,38,3,,
G10/18,G10,18,2,tetap,Jonson Sibarani,L,29,3,,
G10/17,G10,17,2,kontrak,Ade Sodikin,L,33,2,,
G10/16,G10,16,2,tetap,Riduwan Susanto,L,37,2,,
G10/15,G10,15,2,kosong,,,,0,,
G10/14,G10,14,2,kontrak,,,,0,,nama pengontrak belum diisi
G10/12A,G10,12A,2,tetap,Sugeng Riyadin,L,44,4,,
G21/24,G21,24,2,kosong,,,,0,,
G21/23,G21,23,2,tetap,Tasbikhul Munir,L,44,3,,
G21/22,G21,22,2,tetap,Lesmana,L,35,2,,
G21/21,G21,21,2,kosong,,,,0,,
G21/20,G21,20,2,kosong,,,,0,,
G21/19,G21,19,2,tetap,Moch. Haryanto,L,45,1,,
G21/18,G21,18,2,tetap,Juni Solichin,L,33,3,,
G21/17,G21,17,2,tetap,Wahyu Widodo,L,35,1,,
G21/16,G21,16,2,tetap,Asep Andri,L,40,3,,
G21/15,G21,15,2,tetap,Silviana,P,44,2,,
G21/14,G21,14,2,kontrak,Wiro'i Sanjaya,L,39,2,,
G21/12A,G21,12A,2,kontrak,Nurul Hakim,L,40,3,,
G11/01,G11,01,2,kontrak,Gendro,L,,2,,data kk belum lengkap (gender/umur)
G11/02,G11,02,2,tetap,Drajat Imam Santoso,L,41,3,,
G11/03,G11,03,2,tetap,Ujang Sobana,L,47,3,,
G11/04,G11,04,2,kontrak,Riki Mooroto,L,33,4,,
G11/05,G11,05,2,tetap,Cahya Irawan,L,36,2,,
G11/06,G11,06,2,tetap,Widiyanto,L,43,1,,
G11/07,G11,07,2,tetap,Ahmad Saimuri,L,44,3,,
G11/08,G11,08,2,tetap,Bangun Tri Wibowo,L,42,3,,
G11/09,G11,09,2,tetap,Setyo Wahyu Riyanto,L,48,4,,
G11/10,G11,10,2,tetap,Hery Setiawan,L,,3,,data kk belum lengkap (gender/umur)
G11/11,G11,11,2,tetap,Aris Setiyadi,L,38,3,,
G11/12,G11,12,2,tetap,Muhammad Yamika Sahar,L,38,3,,
G20/01,G20,01,2,kosong,,,,0,,
G20/02,G20,02,2,kontrak,Catur Heri Sagala,L,24,3,,
G20/03,G20,03,2,kontrak,Muhamad Anwar Salik,L,31,2,,
G20/04,G20,04,2,tetap,Hari Triyanto,L,32,3,,
G20/05,G20,05,2,tetap,Didik Sabarno,L,40,3,,
G20/06,G20,06,2,tetap,Sumardi,L,41,4,,
G20/07,G20,07,2,tetap,Hadli Haryadi,L,40,4,,
G20/08,G20,08,2,tetap,Herlambang Catur Prasetiya,L,38,3,,
G20/09,G20,09,2,tetap,Adi Wibowo,L,19,0,,jumlah anggota 0: cek
G20/10,G20,10,2,kontrak,Tri Giyarto,L,28,2,,
G20/11,G20,11,2,tetap,Tri Subagyo,L,36,4,,
G20/12,G20,12,2,kosong,,,,0,,
G11/24,G11,24,3,tetap,Susy Kusyanti,P,,2,,data kk belum lengkap (gender/umur)
G11/23,G11,23,3,tetap,Andika Anggi Saputra,L,39,3,,
G11/22,G11,22,3,tetap,Soleh,L,42,4,,
G11/21,G11,21,3,tetap,Dedik Hermanto,L,40,2,,
G11/20,G11,20,3,tetap,Kiki Apriyanti,P,40,1,,
G11/19,G11,19,3,tetap,Jepri Kiat Susanto,L,33,3,,
G11/18,G11,18,3,tetap,Riki Rifandi,L,40,4,,
G11/17,G11,17,3,tetap,Ade Asna,L,36,3,,
G11/16,G11,16,3,tetap,Saiful Amirudin,L,35,4,,
G11/15,G11,15,3,tetap,Sagito Eko Susilo,L,35,4,,
G11/14,G11,14,3,tetap,,,,0,,"nama ""kosong"" tapi status tetap: cek"
G11/12A,G11,12A,3,tetap,Fadli Subarnas,L,44,3,,
G20/25,G20,25,3,tetap,Faik Hidayat,,,0,,data kk belum lengkap (gender/umur); jumlah anggota 0: cek
G20/24,G20,24,3,tetap,Lasikun,L,37,2,,
G20/23,G20,23,3,tetap,Danu Kurnianto,L,43,3,,
G20/22,G20,22,3,tetap,Heri Susanto,L,36,3,,
G20/21,G20,21,3,tetap,Asef Maulana,L,42,4,,
G20/20,G20,20,3,tetap,Sofiyan Faizal,L,33,2,,
G20/19,G20,19,3,tetap,Guvinda Anari Saputro,L,38,1,,
G20/18,G20,18,3,tetap,Rega Agustina,L,36,2,,
G20/17,G20,17,3,tetap,Yandri Sugianto,L,37,3,,nama dinormalisasi dari font unicode
G20/16,G20,16,3,tetap,Waryanto,L,36,3,,
G20/15,G20,15,3,tetap,M. Muhlis Chudin,L,35,5,,
G20/14,G20,14,3,tetap,Fajar Dwi Affandi,L,33,2,,
G20/12A,G20,12A,3,tetap,Teguh Haryanto,L,36,3,,
G12/01,G12,01,3,tetap,Muhamad Fahrur Kirom,L,35,4,,
G12/02,G12,02,3,tetap,Ferry,L,40,4,,
G12/03,G12,03,3,tetap,Bambang Subekti,L,38,1,,
G12/04,G12,04,3,kontrak,Suhaman,L,,1,,nama dinormalisasi dari font unicode; data kk belum lengkap (gender/umur)
G12/05,G12,05,3,kosong,,,,0,,
G12/06,G12,06,3,tetap,Nurul Hidayat,,,0,,data kk belum lengkap (gender/umur); jumlah anggota 0: cek
G12/07,G12,07,3,tetap,Agung Ramadhon,L,37,4,,
G12/08,G12,08,3,tetap,Budi Prihatin,L,44,3,,
G12/09,G12,09,3,tetap,Edy Sulistyo,L,39,4,,
G12/10,G12,10,3,tetap,Suparman,L,47,4,,
G12/11,G12,11,3,kosong,,,,0,,
G12/12,G12,12,3,tetap,Mochammad Lalang Priyanto,L,35,3,,
G19/01,G19,01,3,tetap,Achmad Syarwani,L,36,4,,
G19/02,G19,02,3,tetap,Herlina Prima Novianti,P,45,0,,jumlah anggota 0: cek
G19/03,G19,03,3,tetap,Syaepul Nurulloh,L,41,3,,
G19/04,G19,04,3,tetap,Toni Hermanto,L,34,2,,
G19/05,G19,05,3,tetap,Deni Saputra,L,38,2,,
G19/06,G19,06,3,tetap,Muis,L,42,3,,
G19/07,G19,07,3,tetap,Kusdianto,L,35,2,,
G19/08,G19,08,3,kontrak,Imron Abdul Mugni,L,37,3,,
G19/09,G19,09,3,tetap,M. Khaeroji,L,32,1,,
G19/10,G19,10,3,tetap,Abdurohman,,,0,,data kk belum lengkap (gender/umur); jumlah anggota 0: cek
G19/11,G19,11,3,tetap,Sudarman Sinaga,,,0,,data kk belum lengkap (gender/umur); jumlah anggota 0: cek
G21/10,G21,10,1,kosong,,,,0,,format alamat diperbaiki
